team,full_name,country
12 de Octubre,12 de Octubre Football Club,Paraguay
31 de Octubre,Club Deportivo 31 de Octubre,Bolivia
ABC,ABC Futebol Clube,Brazil
ADAP Galo Maringá,ADAP/Galo Maringá Futebol Clube,Brazil
ASA,Agremiação Sportiva Arapiraquense,Brazil
ASSU,Associação Sportiva Sociedade Unida,Brazil
Abkhazia,,National/Non-FIFA
Adesg,Associação Desportiva Senador Guiomard,Brazil
Afghanistan,Afghanistan,National
Afogados,Afogados da Ingazeira Futebol Clube,Brazil
Aimoré,Clube Esportivo Aimoré,Brazil
Albania,Albania,National
Alderney,Alderney,National/Non-FIFA
Alecrim,Alecrim Futebol Clube,Brazil
Alegrense,Alegrense Futebol Clube,Brazil
Alfonso Ugarte,Club Deportivo Alfonso Ugarte,Peru
Algeria,Algeria,National
Alianza Lima,Club Alianza Lima,Peru
Altos,,Brazil
Alvorada,,Brazil
Always Ready,Club Always Ready,Bolivia
Amadense,,Brazil
Amapá,,Brazil
Ambazonia,Ambazonia,National/Non-FIFA
American Samoa,American Samoa,National/Non-FIFA
Americano,,Brazil
América,,From Libertadores (country to define)
América Mineiro,América Futebol Clube,Brazil
América de Cali,,From Libertadores (country to define)
América-AM,,Brazil
América-GB,,Brazil
América-RJ,,Brazil
América-RN,,Brazil
América-SE,,Brazil
América-SP,,Brazil
Ananindeua,,Brazil
Anapolina,,Brazil
Andalusia,Andalusia,National/Non-FIFA
Andorra,Andorra,National
Angola,Angola,National
Anguilla,Anguilla,National
Antigua and Barbuda,Antigua and Barbuda,National
Anápolis,,Brazil
Aparecidense,,Brazil
Aquidauanense,,Brazil
Aracruz,,Brazil
Araguaia,,Brazil
Araguaína,,Brazil
Arameans Suryoye,Arameans Suryoye,National/Non-FIFA
Arapongas,,Brazil
Argentina,Argentina,National
Argentinos Juniors,Asociación Atlética Argentinos Juniors,Argentina
Ariquemes,,Brazil
Armenia,Armenia,National
Arsenal de Sarandí,Arsenal Fútbol Club,Argentina
Artsakh,Artsakh,National/Non-FIFA
Aruba,Aruba,National
Asturias,Asturias,National/Non-FIFA
Athletico Paranaense,Club Athletico Paranaense,Brazil
Atlante,,From Libertadores (country to define)
Atlas,,From Libertadores (country to define)
Atletico-PR,,Brazil
Atletico-RR,,Brazil
Atlético Acreano,,Brazil
Atlético Bucaramanga,,From Libertadores (country to define)
Atlético Cajazeirense,,Brazil
Atlético Cearense,,Brazil
Atlético Chalaco,,From Libertadores (country to define)
Atlético Colegiales,,From Libertadores (country to define)
Atlético Hermann Aichinger,,Brazil
Atlético Itapemirim,,Brazil
Atlético Mineiro,Clube Atlético Mineiro,Brazil
Atlético Nacional,Atlético Nacional,Colombia
Atlético Roraima,,Brazil
Atlético San Cristóbal,,From Libertadores (country to define)
Atlético Sorocaba,,Brazil
Atlético Torino,,From Libertadores (country to define)
Atlético Tubarão,,Brazil
Atlético Tucumán,,From Libertadores (country to define)
Atlético Zulia,,From Libertadores (country to define)
Atlético-AC,,Brazil
Atlético-BA,,Brazil
Atlético-GO,,Brazil
Audax Italiano,Audax Italiano La Florida,Chile
Aurora,,From Libertadores (country to define)
Australia,Australia,National
Austria,Austria,National
Auto Esporte-PB,,Brazil
Auto Esporte-PI,,Brazil
Avaí,,Brazil
Avenida,,Brazil
Ayacucho FC,,From Libertadores (country to define)
Aymara,Aymara,National/Non-FIFA
Azerbaijan,Azerbaijan,National
Azuriz,,Brazil
Bahamas,Bahamas,National
Bahia,,Brazil
Bahia de Feira,,Brazil
Bahrain,Bahrain,National
Bandeirante,,Brazil
Banfield,,From Libertadores (country to define)
Bangladesh,Bangladesh,National
Bangu,,Brazil
Barawa,,National/Non-FIFA
Baraúnas,,Brazil
Barbados,Barbados,National
Barbalha,,Brazil
Barcelona de Guayaquil,Barcelona Sporting Club,Ecuador
Bare,,Brazil
Barra,,Brazil
Barra do Garças,,Brazil
Barras,,Brazil
Barueri,,Brazil
Baré,,Brazil
Basque Country,Basque Country,National/Non-FIFA
Belarus,Belarus,National
Belgium,Belgium,National
Belize,Belize,National
Bella Vista,,From Libertadores (country to define)
Benin,Benin,National
Bermuda,Bermuda,National
Betim,,Brazil
Bhutan,Bhutan,National
Biafra,,National/Non-FIFA
Blooming,,From Libertadores (country to define)
Blumenau,,Brazil
Boa Esporte,,Brazil
Boavista,,Brazil
Boca Juniors,Club Atlético Boca Juniors,Argentina
Bolivia,Bolivia,National
Bolívar,Club Bolívar,Bolivia
Bonaire,,National
Bosnia and Herzegovina,Bosnia and Herzegovina,National
Botafogo,Botafogo de Futebol e Regatas,Brazil
Botafogo-PB,,Brazil
Botafogo-SP,,Brazil
Botswana,,National
Boyacá Chicó,,From Libertadores (country to define)
Bragantino-PA,,Brazil
Brasil-RS,,Brazil
Brasiliense,,Brazil
Brasília,,Brazil
Brazil,Brazil,National
British Virgin Islands,,National
Brittany,,National/Non-FIFA
Brunei,,National
Brusque,,Brazil
Bucaramanga,,From Libertadores (country to define)
Bulgaria,Bulgaria,National
Burkina Faso,Burkina Faso,National
Burma,,National/Non-FIFA
Burundi,,National
CA Juventus,,Brazil
CE Nova Esperança,,Brazil
CENE,,Brazil
CEUB,,Brazil
CF Amazônia,,Brazil
CFZ de Brasília,,Brazil
CRAC,,Brazil
CRB,,Brazil
CSA,,Brazil
CTE Colatina,,Brazil
Cabofriense,,Brazil
Cacerense,,Brazil
Cachoeiro,,Brazil
Caiçara,,Brazil
Caldense,,Brazil
Camaçari,,Brazil
Cambodia,Cambodia,National
Camboriú,,Brazil
Cameroon,Cameroon,National
Cametá,,Brazil
Campinense,,Brazil
Campo Grande,,Brazil
Canada,Canada,National
Canary Islands,,National/Non-FIFA
Cape Verde,Cape Verde,National
Capelense,,Brazil
Capivariano,,Brazil
Carabobo FC,,From Libertadores (country to define)
Caracas,Caracas Fútbol Club,Venezuela
Cascadia,,National/Non-FIFA
Cascavel,,Brazil
Castanhal,,Brazil
Catalonia,,National/Non-FIFA
Catuense,,Brazil
Caucaia,,Brazil
Caxias,,Brazil
Caxias-SC,,Brazil
Cayman Islands,,National
Ceará,,Brazil
Ceilândia,,Brazil
Central,,Brazil
Central African Republic,,National
Central Spain,,National/Non-FIFA
Cerro,,From Libertadores (country to define)
Cerro Largo,,From Libertadores (country to define)
Cerro Porteño,Club Cerro Porteño,Paraguay
Cerâmica,,Brazil
Chaco Petrolero,,From Libertadores (country to define)
Chad,,National
Chagos Islands,,National
Chameria,,National/Non-FIFA
Chapecoense,,Brazil
Chechnya,,National/Non-FIFA
Chile,Chile,National
China PR,China PR,National/Non-FIFA
Cianorte,,Brazil
Cienciano,,From Libertadores (country to define)
Cilento,,National/Non-FIFA
Club América,,From Libertadores (country to define)
Club Nacional,,From Libertadores (country to define)
Cobreloa,,From Libertadores (country to define)
Cobresal,,From Libertadores (country to define)
Colatina,,Brazil
Colinas,,Brazil
Colo-Colo,Club Social y Deportivo Colo-Colo,Chile
Colo-Colo-BA,,Brazil
Colombia,Colombia,National
Colorado,,Brazil
Colón,Club Atlético Colón,Argentina
Comercial-MS,,Brazil
Comercial-MT,,Brazil
Comercial-PI,,Brazil
Comercial-SP,,Brazil
Comoros,,National
Concepción,,From Libertadores (country to define)
Confiança,,Brazil
Congo,Congo,National
Cook Islands,,National
Coquimbo,,From Libertadores (country to define)
Cordino,,Brazil
Cori-Sabba,,Brazil
Corinthians,Sport Club Corinthians Paulista,Brazil
Corinthians-AL,,Brazil
Corinthians-PR,,Brazil
Coritiba,,Brazil
Coronel Bolognesi,,From Libertadores (country to define)
Corsica,,National/Non-FIFA
Corumbaense,,Brazil
Coruripe,,Brazil
Coríntians-RN,,Brazil
Costa Rica,Costa Rica,National
Costa Rica-MS,,Brazil
County of Nice,,National/Non-FIFA
Coxim-MS,,Brazil
Criciúma,,Brazil
Crimea,,National/Non-FIFA
Cristal,,Brazil
Croatia,Croatia,National
Cruz Azul,,From Libertadores (country to define)
Cruzeiro,Cruzeiro Esporte Clube,Brazil
Cuba,Cuba,National
Cuiabá,,Brazil
Curaçao,,National
Cyprus,Cyprus,National
Czech Republic,Czech Republic,National/Non-FIFA
Czechoslovakia,,National/Non-FIFA
Cúcuta Deportivo,,From Libertadores (country to define)
DR Congo,,National/Non-FIFA
Danubio,,From Libertadores (country to define)
Darfur,,National/Non-FIFA
Defensa y Justicia,,From Libertadores (country to define)
Defensor Arica,,From Libertadores (country to define)
Defensor Lima,,From Libertadores (country to define)
Defensor Sporting Club,,From Libertadores (country to define)
Delfín,,From Libertadores (country to define)
Democrata,,Brazil
Democrata-GV,,Brazil
Democrata-MG,,Brazil
Denmark,Denmark,National
Dep. Quito,,From Libertadores (country to define)
Deportes Concepción,,From Libertadores (country to define)
Deportes Iquique,,From Libertadores (country to define)
Deportes Tolima,Club Deportes Tolima,Colombia
Deportivo Anzoátegui,,From Libertadores (country to define)
Deportivo Binacional,,From Libertadores (country to define)
Deportivo Cali,Deportivo Cali,Colombia
Deportivo Canarias,,From Libertadores (country to define)
Deportivo Capiatá,,From Libertadores (country to define)
Deportivo Cuenca,,From Libertadores (country to define)
Deportivo Galicia,,From Libertadores (country to define)
Deportivo ItalChacao,,From Libertadores (country to define)
Deportivo Italia,,From Libertadores (country to define)
Deportivo La Guaira,,From Libertadores (country to define)
Deportivo Lara,Asociación Civil Deportivo Lara,Venezuela
Deportivo Municipal,,From Libertadores (country to define)
Deportivo Pasto,,From Libertadores (country to define)
Deportivo Petare,,From Libertadores (country to define)
Deportivo Portugués,,From Libertadores (country to define)
Deportivo Quito,,From Libertadores (country to define)
Deportivo Táchira,Deportivo Táchira Fútbol Club,Venezuela
Desportiva,,Brazil
Djibouti,,National
Dom Bosco,,Brazil
Dom Pedro II,,Brazil
Dominica,,National
Dominican Republic,Dominican Republic,National
Donetsk PR,,National/Non-FIFA
Duque de Caxias,,Brazil
Délvidék,,National/Non-FIFA
East Timor,,National
Ecuador,Ecuador,National
Egypt,Egypt,National
El Nacional,,From Libertadores (country to define)
El Salvador,El Salvador,National
Elba Island,,National/Non-FIFA
Ellan Vannin,,National/Non-FIFA
Emelec,Club Sport Emelec,Ecuador
England,England,National
Equatorial Guinea,Equatorial Guinea,National
Eritrea,,National
Espigão,,Brazil
Espoli,,From Libertadores (country to define)
Esportivo,,Brazil
Esportivo Guará,,Brazil
Estanciano,,Brazil
Estonia,Estonia,National
Estrela do Norte,,Brazil
Estudiantes de La Plata,Club Estudiantes de La Plata,Argentina
Estudiantes de Mérida,,From Libertadores (country to define)
Eswatini,,National
Ethiopia,Ethiopia,National
Etti Jundiaí,,Brazil
Everest,,From Libertadores (country to define)
Everton,Everton de Viña del Mar,Chile
Falcon-SE,,Brazil
Falkland Islands,,National
Faroe Islands,,National
Fast Clube,,Brazil
Felvidék,,National/Non-FIFA
Ferro Carril Oeste,,From Libertadores (country to define)
Ferrovia-CE,,Brazil
Ferroviária,,Brazil
Ferroviária-SP,,Brazil
Ferroviário,,Brazil
Ferroviário-CE,,Brazil
Figueirense,,Brazil
Figueirense-SC,,Brazil
Fiji,Fiji,National
Filanbanco,,From Libertadores (country to define)
Finland,Finland,National
Flamengo,Clube de Regatas do Flamengo,Brazil
Flamengo-PI,,Brazil
Floresta-CE,,Brazil
Fluminense,Fluminense Football Club,Brazil
Fluminense-BA,,Brazil
Fluminense-PI,,Brazil
Fortaleza,Fortaleza Esporte Clube,Brazil
Foz do Iguaçu,,Brazil
Francana,,Brazil
France,,National
Franconia,,National/Non-FIFA
Frei Paulistano,,Brazil
French Guiana,,National
Friburguense,,Brazil
Frøya,,National/Non-FIFA
Fénix,,From Libertadores (country to define)
GE Brasil,,Brazil
Gabon,,National
Galicia,,National/Non-FIFA
Galvez,,Brazil
Galícia,,Brazil
Gama,,Brazil
Gambia,,National
Genus,,Brazil
Georgia,,National
German DR,,National/Non-FIFA
Germany,,National
Ghana,,National
Gibraltar,,National
Gimnasia y Esgrima,,From Libertadores (country to define)
Globo,,Brazil
Gloria-RS,,Brazil
Godoy Cruz,,From Libertadores (country to define)
Goianésia,,Brazil
Goiatuba,,Brazil
Goiás,Goiás Esporte Clube,Brazil
Goiânia,,Brazil
Gotland,,National/Non-FIFA
Goytacaz,,Brazil
Gozo,,National/Non-FIFA
Greece,,National
Greenland,,National
Grenada,,National
Grêmio,Grêmio Foot-Ball Porto Alegrense,Brazil
Grêmio Anápolis,,Brazil
Grêmio Coariense,,Brazil
Grêmio Jaciara,,Brazil
Grêmio Maringá,,Brazil
Guabirá,,From Libertadores (country to define)
Guadalajara,,From Libertadores (country to define)
Guadeloupe,,National
Guajará,,Brazil
Guam,,National
Guarani,,Brazil
Guarani-J,,Brazil
Guarani-RS,,Brazil
Guarani-SP,,Brazil
Guarany,,Brazil
Guarany de Sobral,,Brazil
Guaraní,Club Guaraní,Paraguay
Guaratinguetá,,Brazil
Guará,,Brazil
Guatemala,,National
Guernsey,,National/Non-FIFA
Guinea,,National
Guinea-Bissau,,National
Gurupi,,Brazil
Guyana,,National
Găgăuzia,,National/Non-FIFA
Haiti,,National
Hitra,,National/Non-FIFA
Hmong,,National/Non-FIFA
Holanda-AM,,Brazil
Honduras,,National
Hong Kong,,National
Horizonte,,Brazil
Huachipato,,From Libertadores (country to define)
Humaitá,,Brazil
Hungary,,National
Huracán,,From Libertadores (country to define)
IAPE,,Brazil
ICASA,,Brazil
IV de Julho-PI,,Brazil
Ibiraçu,,Brazil
Iceland,,National
Iguatu,,Brazil
Imperatriz,,Brazil
Independente-AP,,Brazil
Independente-PA,,Brazil
Independiente,,From Libertadores (country to define)
Independiente José Terán,,From Libertadores (country to define)
Independiente Medellín,,From Libertadores (country to define)
Independiente Petrolero,Club Independiente Petrolero,Bolivia
Independiente Santa Fe,,From Libertadores (country to define)
Independiente del Valle,Club Deportivo Independiente del Valle,Ecuador
Independência-AC,,Brazil
India,,National
Indonesia,,National
Internacional,Sport Club Internacional,Brazil
Internacional-SC,,Brazil
Internacional-SM,,Brazil
Internacional-SP,,Brazil
Interporto,,Brazil
Ipatinga,,Brazil
Iran,,National
Iraq,,National
Iraqi Kurdistan,,National/Non-FIFA
Iraty,,Brazil
Isle of Man,,National/Non-FIFA
Isle of Wight,,National/Non-FIFA
Israel,,National
Itabaiana,,Brazil
Itabuna,,Brazil
Italy,,National
Ituano,,Brazil
Ituiutaba,,Brazil
Itumbiara,,Brazil
Ivinhema-MS,,Brazil
Ivory Coast,,National
J. Malucelli,,Brazil
JV Lideral-MA,,Brazil
Jacuipense,,Brazil
Jaguares,,From Libertadores (country to define)
Jaguares (Tuxtla Gtz.),,From Libertadores (country to define)
Jaguaré-ES,,Brazil
Jamaica,,National
Japan,,National
Jaraguá-GO,,Brazil
Jersey,,National/Non-FIFA
Ji-Paraná,,Brazil
Joinville,,Brazil
Jordan,,National
Jorge Wilstermann,,From Libertadores (country to define)
Juan Aurich,,From Libertadores (country to define)
Juazeirense,,Brazil
Juazeiro,,Brazil
Junior de Barranquilla,,From Libertadores (country to define)
Juventude,Esporte Clube Juventude,Brazil
Juventude-MA,,Brazil
Juventude-MT,,Brazil
Juventus-AC,,Brazil
Juventus-SP,,Brazil
Kaburé,,Brazil
Kabylia,,National/Non-FIFA
Kazakhstan,,National
Kenya,,National
Kernow,,National/Non-FIFA
Kiribati,,National
Kosovo,,National
Kuwait,,National
Kyrgyzstan,,National
Kárpátalja,,National/Non-FIFA
LDU Quito,Liga Deportiva Universitaria de Quito,Ecuador
La Paz FC,,From Libertadores (country to define)
Lagartense-SE,,Brazil
Lagarto-SE,,Brazil
Lajeadense-RS,,Brazil
Lanús,,From Libertadores (country to define)
Laos,,National
Latvia,,National
Lebanon,,National
Lesotho,,National
León,,From Libertadores (country to define)
León de Huánuco,,From Libertadores (country to define)
Leônico,,Brazil
Liberia,,National
Libertad,Club Libertad,Paraguay
Libya,,National
Liechtenstein,,National
Linense-SP,,Brazil
Linhares-ES,,Brazil
Lithuania,,National
Litoral,,From Libertadores (country to define)
Liverpool (Montevideo),,From Libertadores (country to define)
Londrina,,Brazil
Luhansk PR,,National/Non-FIFA
Luverdense,,Brazil
Luxembourg,,National
Luziânia,,Brazil
Macará (Ambato),,From Libertadores (country to define)
Macau,,National/Non-FIFA
Madagascar,,National
Madrid,,National/Non-FIFA
Madureira,,Brazil
Magallanes,,From Libertadores (country to define)
Malawi,,National
Malaya,,National/Non-FIFA
Malaysia,,National
Maldives,,National
Mali,,National
Malta,,National
Malutrom,,Brazil
Manaus,,Brazil
Manchukuo,,National/Non-FIFA
Mapuche,,National/Non-FIFA
Maranhão,,Brazil
Marcílio Dias,,Brazil
Mariano Melgar,,From Libertadores (country to define)
Maricá,,Brazil
Maringá,,Brazil
Martinique,,National
Marília,,Brazil
Marítimo,,From Libertadores (country to define)
Matabeleland,,National/Non-FIFA
Matonense,,Brazil
Maule Sur,,National/Non-FIFA
Mauritania,,National
Mauritius,,National
Mayotte,,National
Medellín,,From Libertadores (country to define)
Melgar,,From Libertadores (country to define)
Menorca,,National/Non-FIFA
Mexico,,National
Micronesia,,National
Millonarios,Millonarios Fútbol Club,Colombia
Mineiros-GO,,Brazil
Mineros de Guayana,,From Libertadores (country to define)
Minervén,,From Libertadores (country to define)
Mirassol-SP,,Brazil
Misto-MS,,Brazil
Mixto,,Brazil
Mogi Mirim,,Brazil
Moldova,,National
Monaco,,National
Monagas SC,Monagas Sport Club,Venezuela
Mongolia,,National
Montenegro,,National
Monterrey,Club de Fútbol Monterrey,Mexico
Montevideo City Torque,Montevideo City Torque,Uruguay
Montevideo Wanderers,Montevideo Wanderers Fútbol Club,Uruguay
Montserrat,,National
Morelia,,From Libertadores (country to define)
Morocco,,National
Moto Club,,Brazil
Mozambique,,National
Muniz Freire-ES,,Brazil
Murici-AL,,Brazil
Mutum-MT,,Brazil
Myanmar,,National
Nacional,,Brazil
Nacional Táchira,,From Libertadores (country to define)
Nacional de Montevideo,Club Nacional de Football,Uruguay
Nacional-AM,,Brazil
Nacional-PB,,Brazil
Nacional-SP,,Brazil
Namibia,,National
Nautico-PE,,Brazil
Naviraiense,,Brazil
Naviraiense-MS,,Brazil
Necaxa,,From Libertadores (country to define)
Nepal,,National
Netherlands,,National
New Caledonia,,National
New Zealand,,National
Newell's Old Boys,,From Libertadores (country to define)
Nicaragua,,National
Niger,,National
Nigeria,,National
Niue,,National
Noroeste,,Brazil
Noroeste-SP,,Brazil
North Korea,,National
North Macedonia,,National
North Vietnam,,National/Non-FIFA
Northern Cyprus,,National
Northern Ireland,,National
Northern Mariana Islands,,National
Norway,,National
Nova Esperança-MS,,Brazil
Nova Iguaçu-RJ,,Brazil
Nova Mutum Ec-MT,,Brazil
Nova Mutum-MT,,Brazil
Nova Venecia FC-ES,,Brazil
Novo Hamburgo,,Brazil
Novo Hamburgo-RS,,Brazil
Novo Horizonte-GO,,Brazil
Novoperário-MS,,Brazil
Novorizontino-SP,,Brazil
Nueve de Octubre,,From Libertadores (country to define)
Náutico,Clube Náutico Capibaribe,Brazil
Náutico-RR,,Brazil
O'Higgins,,From Libertadores (country to define)
Occitania,,National/Non-FIFA
Oeste,,Brazil
Oeste-SP,,Brazil
Olaria,,Brazil
Olimpia,Club Olimpia,Paraguay
Olmedo,,From Libertadores (country to define)
Olímpia,Olímpia Futebol Clube,Brazil
Olímpico Pirambu-SE,,Brazil
Oman,,National
Once Caldas,,From Libertadores (country to define)
Operário-CG,,Brazil
Operário-MS,,Brazil
Operário-MT,,Brazil
Operário-PR,,Brazil
Oratório-AP,,Brazil
Oriente Petrolero,,From Libertadores (country to define)
Orkney,,National/Non-FIFA
Osasco Audax,,Brazil
PSTC,,Brazil
Pachuca,,From Libertadores (country to define)
Padania,,National/Non-FIFA
Pakistan,,National
Palau,,National
Palestine,,National/Non-FIFA
Palestino,,From Libertadores (country to define)
Palmares-RO,,Brazil
Palmas,,Brazil
Palmas-TO,,Brazil
Palmeiras,Sociedade Esportiva Palmeiras,Brazil
Panama,,National
Panjab,,National/Non-FIFA
Papua New Guinea,,National
Paragominas-PA,,Brazil
Paraguay,,National
Paraná,Paraná Clube,Brazil
Paraná Clube-PR,,Brazil
Paraná-PR,,Brazil
Paranávaí,,Brazil
Paranávaí-PR,,Brazil
Parauapebas-PA,,Brazil
Parishes of Jersey,,National/Non-FIFA
Parnahyba-PI,,Brazil
Paulista,,Brazil
Paulista FC,,Brazil
Paulista-SP,,Brazil
Paysandu,,Brazil
Pelotas-RS,,Brazil
Penarol-AM,,Brazil
Pepeganga,,From Libertadores (country to define)
Peru,,National
Peñarol,Club Atlético Peñarol,Uruguay
Philippines,,National
Piauí,,Brazil
Piauí-PI,,Brazil
Picos-PI,,Brazil
Pinheiros,,Brazil
Pinheiros-PR,,Brazil
Pinheiros-RO,,Brazil
Plaza Colonia,Club Plaza Colonia de Deportes,Uruguay
Plácido de Castro-AC,,Brazil
Poland,,National
Pontaporanense-MS,,Brazil
Ponte Preta,,Brazil
Ponte Preta-SP,,Brazil
Porto Velho-RO,,Brazil
Porto-PE,,Brazil
Portugal,,National
Portuguesa,,Brazil
Portuguesa-RJ,,Brazil
Portuguesa-SP,,Brazil
Portuguesa-Santos,,Brazil
Portuguesa/San (SP),,Brazil
Potiguar,,Brazil
Potiguar-M,,Brazil
Potiguar-M (EN),,Brazil
Potiguar-RN,,Brazil
Potyguar-CN (RN),,Brazil
Pouso Alegre-MG,,Brazil
Poções-BA,,Brazil
Princesa do Solimões,,Brazil
Progreso,,From Libertadores (country to define)
Provence,,National/Non-FIFA
Prudente,,Brazil
Prudente-SP,,Brazil
Prudentópolis,,Brazil
Prudentópolis-PR,,Brazil
Puebla,,From Libertadores (country to define)
Puerto Rico,,National
Pumas UNAM,,From Libertadores (country to define)
Qatar,,National
Quilmes,,From Libertadores (country to define)
RB Bragantino,Red Bull Bragantino,Brazil
Racing Club,Racing Club,Argentina
Racing Club de Montevideo,,From Libertadores (country to define)
Raetia,,National/Non-FIFA
Rangers,,From Libertadores (country to define)
Real Ariquemes,,Brazil
Real Brasília,,Brazil
Real Desportivo-RO,,Brazil
Real Garcilaso,,From Libertadores (country to define)
Real Noroeste-ES,,Brazil
Real Potosí,,From Libertadores (country to define)
Real-RR,,Brazil
Remo,,Brazil
Rentistas,,From Libertadores (country to define)
Republic of Ireland,,National/Non-FIFA
Republic of St. Pauli,,National/Non-FIFA
Resende,,Brazil
Resende-PA,,Brazil
Retrô-PE,,Brazil
Rhodes,,National/Non-FIFA
Rio Branco,,Brazil
Rio Branco-AC,,Brazil
Rio Branco-ES,,Brazil
Rio Branco-PR,,Brazil
Rio Branco-SP,,Brazil
Rio Branco-Vn-ES,,Brazil
Rio Negro,,Brazil
Rio Negro-AM,,Brazil
Rio Negro-RR,,Brazil
River,,Brazil
River Plate,Club Atlético River Plate,Argentina
River Plate-SE,,Brazil
River-PI,,Brazil
Rocha FC,,From Libertadores (country to define)
Roma Apucarana-PR,,Brazil
Romani people,,National/Non-FIFA
Romania,,National
Rondoniense,,Brazil
Rondonópolis-MT,,Brazil
Roraima-RR,,Brazil
Rosario Central,,From Libertadores (country to define)
Royal Pari (Santa Cruz),,From Libertadores (country to define)
Russia,,National
Rwanda,,National
Ryūkyū,,National/Non-FIFA
Réunion,,National
S.Correa(MA),,Brazil
S.Raimundo(AM),,Brazil
SER Chapadão-MS,,Brazil
Saare County,,National/Non-FIFA
Saarland,,National/Non-FIFA
Saint Barthélemy,,National
Saint Helena,,National/Non-FIFA
Saint Kitts and Nevis,,National
Saint Lucia,,National
Saint Martin,,National
Saint Pierre and Miquelon,,National
Saint Vincent and the Grenadines,,National
Salgueiro,,Brazil
Salgueiro-PE,,Brazil
Samoa,,National
Sampaio Corrêa-MA,,Brazil
San Agustín,,From Libertadores (country to define)
San José,,From Libertadores (country to define)
San Lorenzo,,From Libertadores (country to define)
San Lorenzo de Almagro,,From Libertadores (country to define)
San Luis,,From Libertadores (country to define)
San Marino,,National
Santa Cruz,,Brazil
Santa Cruz-PB,,Brazil
Santa Cruz-PE,,Brazil
Santa Cruz-RN,,Brazil
Santa Cruz-RS,,Brazil
Santa Helena-GO,,Brazil
Santa Quitéria-MA,,Brazil
Santa Rita,,Brazil
Santa Rita-AL,,Brazil
Santiago Wanderers,Club de Deportes Santiago Wanderers,Chile
Santo André,,Brazil
Santo André-SP,,Brazil
Santos,Santos Futebol Clube,Brazil
Santos Laguna,,From Libertadores (country to define)
Santos-AP,,Brazil
Sao Bernardo Fc-SP,,Brazil
Sao Francisco-AC,,Brazil
Sapucaiense-RS,,Brazil
Sark,,National/Non-FIFA
Saudi Arabia,,National
Saugeais,,National/Non-FIFA
Scotland,,National
Sealand,,National/Non-FIFA
Seborga,,National/Non-FIFA
Senegal,,National
Serbia,,National
Sergipe,,Brazil
Sergipe-SE,,Brazil
Serra,,Brazil
Serra-ES,,Brazil
Serrano,,Brazil
Sete de Setembro,,Brazil
Seychelles,,National
Shetland,,National/Non-FIFA
Sierra Leone,,National
Silesia,,National/Non-FIFA
Singapore,,National
Sinop,,Brazil
Sinop-MT,,Brazil
Sint Maarten,,National
Slovakia,,National
Slovenia,,National
Sobradinho,,Brazil
Sobradinho-DF,,Brazil
Sol de América,,From Libertadores (country to define)
Solomon Islands,,National
Somalia,,National
Somaliland,,National
Sorriso-MT,,Brazil
Sousa-PB,,Brazil
South Africa,,National
South Korea,,National
South Ossetia,,National/Non-FIFA
South Sudan,,National
South Yemen,,National/Non-FIFA
Souza-PB,,Brazil
Spain,,National
Sport,Sport Club do Recife,Brazil
Sport Boys,Sport Boys Association,Peru
Sport Huancayo,Club Sport Huancayo,Peru
Sport-PA,,Brazil
Sporting Cristal,Club Sporting Cristal,Peru
Sportivo Luqueño,Club Sportivo Luqueño,Paraguay
Sri Lanka,,National
Sudan,,National
Sul América-AM,,Brazil
Suriname,,National
Surrey,,National/Non-FIFA
Sweden,,National
Switzerland,,National
Syria,,National
Székely Land,,National/Non-FIFA
Sápmi,,National/Non-FIFA
São Bento,,Brazil
São Bernardo,,Brazil
São Bernardo-SP,,Brazil
São Caetano,,Brazil
São Caetano-SP,,Brazil
São Cristóvão,,Brazil
São Domingos-SE,,Brazil
São Francisco,,Brazil
São Gabriel,,Brazil
São Gabriel-RS,,Brazil
São Gonçalo-RN,,Brazil
São José,,Brazil
São José-AP,,Brazil
São José-RS,,Brazil
São José-SP,,Brazil
São Luiz-RS,,Brazil
São Mateus-ES,,Brazil
São Paulo,São Paulo Futebol Clube,Brazil
São Paulo-RS,,Brazil
São Raimundo,,Brazil
São Raimundo-AM,,Brazil
São Raimundo-PA,,Brazil
São Raimundo-RR,,Brazil
São Tomé and Príncipe,,National
Tacuary,,From Libertadores (country to define)
Taguatinga,,Brazil
Taguatinga-DF,,Brazil
Tahiti,,National
Taiwan,,National
Tajikistan,,National
Talleres,Club Atlético Talleres,Argentina
Tamil Eelam,,National/Non-FIFA
Tanzania,,National
Thailand,,National
The Strongest,Club The Strongest,Bolivia
Tibet,,National
Ticino,,National/Non-FIFA
Tigre,,From Libertadores (country to define)
Tigres UANL,,From Libertadores (country to define)
Tigres do Brasil-RJ,,Brazil
Tijuana,,From Libertadores (country to define)
Timor-Leste,,National/Non-FIFA
Tiradentes,,Brazil
Tiradentes-DF,,Brazil
Tocantins-TO,,Brazil
Tocantinópolis-TO,,Brazil
Togo,,National
Toledo-PR,,Brazil
Tolima,,From Libertadores (country to define)
Toluca,,From Libertadores (country to define)
Tombense,,Brazil
Tonga,,National
Trem,,Brazil
Treze,,Brazil
Trinidad and Tobago,,National
Trujillanos,,From Libertadores (country to define)
Tubarão,,Brazil
Tuluá,,From Libertadores (country to define)
Tuna Luso,,Brazil
Tunisia,,National
Tuntum-MA,,Brazil
Tupi-MG,,Brazil
Turkey,,National
Turkmenistan,,National
Turks and Caicos Islands,,National
Tuvalu,,National
Two Sicilies,,National/Non-FIFA
Táchira,,From Libertadores (country to define)
Técnico Universitario,,From Libertadores (country to define)
U.T. Cajamarca,,From Libertadores (country to define)
UA Maracaibo,,From Libertadores (country to define)
URT,,Brazil
URT-MG,,Brazil
Uberaba-MG,,Brazil
Uberlândia-MG,,Brazil
Ubiratan-MS,,Brazil
Ubiratan-MT,,Brazil
Uganda,,National
Ukraine,,National
Ulbra Ji-Paraná,,Brazil
Ulbra-RS,,Brazil
Uniclinic,,Brazil
United Arab Emirates,,National
United Koreans in Japan,,National/Non-FIFA
United States,,National
United States Virgin Islands,,National/Non-FIFA
Universidad Católica (Quito),Club Deportivo Universidad Católica,Ecuador
Universidad Católica (Santiago),Club Deportivo Universidad Católica,Chile
Universidad César Vallejo,Club Deportivo Universidad César Vallejo,Peru
Universidad Los Andes,,From Libertadores (country to define)
Universidad San Martín,,From Libertadores (country to define)
Universidad de Chile,,From Libertadores (country to define)
Universidad de Concepción,,From Libertadores (country to define)
Universitario,Club Universitario de Deportes,Peru
Universitario de Sucre,,From Libertadores (country to define)
União,,Brazil
União Agrícola,,Brazil
União Agrícola Barbarense,,Brazil
União Atlético Clube,,Brazil
União Bandeirante-PR,,Brazil
União Bandeirante-RO,,Brazil
União Cacoalense-RO,,Brazil
União São João,,Brazil
União-MT,,Brazil
Unión Atlético Maracaibo,,From Libertadores (country to define)
Unión Española,,From Libertadores (country to define)
Unión Huaral,,From Libertadores (country to define)
Unión La Calera,,From Libertadores (country to define)
Unión Magdalena,,From Libertadores (country to define)
Unión San Felipe,,From Libertadores (country to define)
Urt-MG,,Brazil
Uruguay,,National
Uzbekistan,,National
Valdez S.C.,,From Libertadores (country to define)
Valencia,,From Libertadores (country to define)
Vanuatu,,National
Vasco da Gama,Club de Regatas Vasco da Gama,Brazil
Vasco da Gama-AC,,Brazil
Vatican City,,National/Non-FIFA
Venezuela,,National
Veranópolis-RS,,Brazil
Vietnam,,National
Vietnam Republic,,National/Non-FIFA
Vila Aurora-MT,,Brazil
Vila Nova-GO,,Brazil
Vilavelhense-ES,,Brazil
Vilhena-RO,,Brazil
Vilhenense-RO,,Brazil
Villa Nova-MG,,Brazil
Vitória,,Brazil
Vitória da Conquista,,Brazil
Vitória da Conquista-BA,,Brazil
Vitória-ES,,Brazil
Volta Redonda,,Brazil
Votoraty,,Brazil
Votuporanguense-SP,,Brazil
Vélez Sarsfield,Club Atlético Vélez Sarsfield,Argentina
Wales,,National
Wallis Islands and Futuna,,National/Non-FIFA
West Papua,,National/Non-FIFA
Western Armenia,,National/Non-FIFA
Western Australia,,National/Non-FIFA
Western Isles,,National/Non-FIFA
Western Sahara,,National
Western Samoa,,National/Non-FIFA
XV de Novembro,,Brazil
XV de Novembro de Jaú,,Brazil
XV de Novembro-RS,,Brazil
XV de Piracicaba,,Brazil
Yemen,,National
Yemen DPR,,National/Non-FIFA
Ynys Môn,,National/Non-FIFA
Yorkshire,,National/Non-FIFA
Yoruba Nation,,National/Non-FIFA
Ypiranga,,Brazil
Ypiranga-AP,,Brazil
Ypiranga-RS,,Brazil
Yugoslavia,,National/Non-FIFA
Zambia,,National
Zamora,Zamora Fútbol Club,Venezuela
Zanzibar,,National
Zimbabwe,,National
Zulia,Zulia Fútbol Club,Venezuela
Águia Negra,,Brazil
Águia de Marabá,,Brazil
Åland Islands,,National/Non-FIFA
